{
	"carName": "bentley_continental_gt3_2018",
	"basicSetup":
	{
		"tyres":
		{
			"tyreCompound": 0,
			"tyrePressure": [ 42, 45, 44, 44 ]
		},
		"alignment":
		{
			"camber": [ 0, 0, 0, 0 ],
			"toe": [ 0, 0, 55, 55 ],
			"staticCamber": [ -3.8964023590087891, -3.8943376541137695, -2.5538313388824463, -2.5538291931152344 ],
			"toeOutLinear": [ 0.0023675011470913887, 0.0023674846161156893, -0.00079623074270784855, -0.00079616589937359095 ],
			"casterLF": 30,
			"casterRF": 30,
			"steerRatio": 1
		},
		"electronics":
		{
			"tC1": 2,
			"tC2": 0,
			"abs": 3,
			"eCUMap": 0,
			"fuelMix": 0,
			"telemetryLaps": 0
		},
		"strategy":
		{
			"fuel": 0,
			"nPitStops": 0,
			"tyreSet": 7,
			"frontBrakePadCompound": 0,
			"rearBrakePadCompound": 0,
			"pitStrategy": [
				{
					"fuelToAdd": 0,
					"tyres":
					{
						"tyreCompound": 0,
						"tyrePressure": [ 47, 47, 47, 47 ]
					},
					"tyreSet": 2,
					"frontBrakePadCompound": 1,
					"rearBrakePadCompound": 1
				}
			],
			"fuelPerLap": 3.5499999523162842
		}
	},
	"advancedSetup":
	{
		"mechanicalBalance":
		{
			"aRBFront": 6,
			"aRBRear": 2,
			"wheelRate": [ 0, 0, 0, 0 ],
			"bumpStopRateUp": [ 4, 4, 15, 15 ],
			"bumpStopRateDn": [ 0, 0, 10, 10 ],
			"bumpStopWindow": [ 5, 1, 50, 50 ],
			"brakeTorque": 20,
			"brakeBias": 29
		},
		"dampers":
		{
			"bumpSlow": [ 0, 0, 0, 0 ],
			"bumpFast": [ 0, 0, 0, 0 ],
			"reboundSlow": [ 40, 40, 40, 40 ],
			"reboundFast": [ 48, 48, 48, 48 ]
		},
		"aeroBalance":
		{
			"rideHeight": [ 0, 6, 18, 18 ],
			"rodLength": [ 10.711020469665527, 10.711020469665527, -0.1934782862663269, -0.1934782862663269 ],
			"splitter": 0,
			"rearWing": 10,
			"brakeDuct": [ 3, 2 ]
		},
		"drivetrain":
		{
			"preload": 0
		}
	},
	"trackBopType": 42
}