{
	"carName": "bentley_continental_gt3_2018",
	"basicSetup":
	{
		"tyres":
		{
			"tyreCompound": 0,
			"tyrePressure": [ 45, 47, 45, 47 ]
		},
		"alignment":
		{
			"camber": [ 0, 0, 4, 4 ],
			"toe": [ 25, 25, 43, 43 ],
			"staticCamber": [ -3.820897102355957, -3.819530725479126, -2.5854823589324951, -2.5841679573059082 ],
			"toeOutLinear": [ 0.0012710464652627707, 0.0012710604351013899, -0.00025436445139348507, -0.00025434917188249528 ],
			"casterLF": 30,
			"casterRF": 30,
			"steerRatio": 0
		},
		"electronics":
		{
			"tC1": 4,
			"tC2": 0,
			"abs": 3,
			"eCUMap": 0,
			"fuelMix": 0,
			"telemetryLaps": 0
		},
		"strategy":
		{
			"fuel": 0,
			"nPitStops": 0,
			"tyreSet": 2,
			"frontBrakePadCompound": 0,
			"rearBrakePadCompound": 0,
			"pitStrategy": [
				{
					"fuelToAdd": 0,
					"tyres":
					{
						"tyreCompound": 0,
						"tyrePressure": [ 47, 47, 47, 47 ]
					},
					"tyreSet": 2,
					"frontBrakePadCompound": 1,
					"rearBrakePadCompound": 1
				}
			],
			"fuelPerLap": 3.5499999523162842
		}
	},
	"advancedSetup":
	{
		"mechanicalBalance":
		{
			"aRBFront": 8,
			"aRBRear": 0,
			"wheelRate": [ 4, 4, 0, 0 ],
			"bumpStopRateUp": [ 22, 22, 0, 0 ],
			"bumpStopRateDn": [ 0, 0, 10, 10 ],
			"bumpStopWindow": [ 22, 22, 2, 2 ],
			"brakeTorque": 20,
			"brakeBias": 3
		},
		"dampers":
		{
			"bumpSlow": [ 12, 12, 11, 11 ],
			"bumpFast": [ 20, 20, 42, 42 ],
			"reboundSlow": [ 18, 18, 18, 18 ],
			"reboundFast": [ 30, 30, 48, 48 ]
		},
		"aeroBalance":
		{
			"rideHeight": [ 0, 6, 30, 18 ],
			"rodLength": [ 7.1143174171447754, 7.1143174171447754, 11.338741302490234, 11.338741302490234 ],
			"splitter": 0,
			"rearWing": 10,
			"brakeDuct": [ 3, 3 ]
		},
		"drivetrain":
		{
			"preload": 0
		}
	},
	"trackBopType": 42
}