{
	"carName": "ferrari_296_gt3",
	"basicSetup":
	{
		"tyres":
		{
			"tyreCompound": 0,
			"tyrePressure": [ 50, 58, 41, 51 ]
		},
		"alignment":
		{
			"camber": [ 1, 1, 1, 1 ],
			"toe": [ 30, 30, 48, 48 ],
			"staticCamber": [ -4.6554560661315918, -4.6496119499206543, -5.0435876846313477, -5.0359992980957031 ],
			"toeOutLinear": [ -0.00038433101144619286, -0.00038433336885645986, 0.00019881621119566262, 0.00019882801279891282 ],
			"casterLF": 30,
			"casterRF": 30,
			"steerRatio": 1
		},
		"electronics":
		{
			"tC1": 8,
			"tC2": 0,
			"abs": 3,
			"eCUMap": 0,
			"fuelMix": 0,
			"telemetryLaps": 0
		},
		"strategy":
		{
			"fuel": 48,
			"nPitStops": 0,
			"tyreSet": 0,
			"frontBrakePadCompound": 0,
			"rearBrakePadCompound": 0,
			"pitStrategy": [
				{
					"fuelToAdd": 0,
					"tyres":
					{
						"tyreCompound": 0,
						"tyrePressure": [ 50, 58, 41, 51 ]
					},
					"tyreSet": 2,
					"frontBrakePadCompound": 1,
					"rearBrakePadCompound": 1
				}
			],
			"fuelPerLap": 2.6569137573242188
		}
	},
	"advancedSetup":
	{
		"mechanicalBalance":
		{
			"aRBFront": 3,
			"aRBRear": 4,
			"wheelRate": [ 5, 5, 6, 6 ],
			"bumpStopRateUp": [ 4, 4, 8, 8 ],
			"bumpStopRateDn": [ 0, 0, 10, 10 ],
			"bumpStopWindow": [ 5, 5, 14, 14 ],
			"brakeTorque": 20,
			"brakeBias": 40
		},
		"dampers":
		{
			"bumpSlow": [ 7, 7, 6, 6 ],
			"bumpFast": [ 4, 4, 4, 4 ],
			"reboundSlow": [ 6, 6, 6, 6 ],
			"reboundFast": [ 5, 5, 5, 5 ]
		},
		"aeroBalance":
		{
			"rideHeight": [ 5, 6, 14, 18 ],
			"rodLength": [ 39.426166534423828, 39.426166534423828, 44.581760406494141, 44.581760406494141 ],
			"splitter": 0,
			"rearWing": 12,
			"brakeDuct": [ 3, 3 ]
		},
		"drivetrain":
		{
			"preload": 0
		}
	},
	"trackBopType": 52
}