{
	"carName": "honda_nsx_gt3_evo",
	"basicSetup":
	{
		"tyres":
		{
			"tyreCompound": 0,
			"tyrePressure": [ 47, 47, 47, 47 ]
		},
		"alignment":
		{
			"camber": [ 0, 0, 0, 0 ],
			"toe": [ 28, 28, 52, 52 ],
			"staticCamber": [ -3.2885971069335938, -3.2885980606079102, -2.8412699699401855, -2.8412699699401855 ],
			"toeOutLinear": [ 0.00070451240753754973, 0.00070450711064040661, 0.0011783874360844493, 0.0011784008238464594 ],
			"casterLF": 10,
			"casterRF": 10,
			"steerRatio": 4
		},
		"electronics":
		{
			"tC1": 1,
			"tC2": 11,
			"abs": 4,
			"eCUMap": 0,
			"fuelMix": 0,
			"telemetryLaps": 0
		},
		"strategy":
		{
			"fuel": 0,
			"nPitStops": 0,
			"tyreSet": 0,
			"frontBrakePadCompound": 1,
			"rearBrakePadCompound": 1,
			"pitStrategy": [
				{
					"fuelToAdd": 0,
					"tyres":
					{
						"tyreCompound": 0,
						"tyrePressure": [ 55, 55, 48, 48 ]
					},
					"tyreSet": 2,
					"frontBrakePadCompound": 1,
					"rearBrakePadCompound": 1
				}
			],
			"fuelPerLap": 3.5499999523162842
		}
	},
	"advancedSetup":
	{
		"mechanicalBalance":
		{
			"aRBFront": 3,
			"aRBRear": 3,
			"wheelRate": [ 8, 8, 5, 5 ],
			"bumpStopRateUp": [ 3, 3, 3, 3 ],
			"bumpStopRateDn": [ 0, 0, 10, 10 ],
			"bumpStopWindow": [ 3, 3, 20, 20 ],
			"brakeTorque": 20,
			"brakeBias": 27
		},
		"dampers":
		{
			"bumpSlow": [ 11, 11, 12, 12 ],
			"bumpFast": [ 6, 6, 7, 7 ],
			"reboundSlow": [ 9, 9, 12, 12 ],
			"reboundFast": [ 10, 10, 8, 8 ]
		},
		"aeroBalance":
		{
			"rideHeight": [ 3, 6, 6, 18 ],
			"rodLength": [ -8.7500953674316406, -8.7500953674316406, -5.9506464004516602, -5.9506464004516602 ],
			"splitter": 0,
			"rearWing": 11,
			"brakeDuct": [ 2, 2 ]
		},
		"drivetrain":
		{
			"preload": 13
		}
	},
	"trackBopType": 27
}