{
	"carName": "mclaren_720s_gt3_evo",
	"basicSetup":
	{
		"tyres":
		{
			"tyreCompound": 0,
			"tyrePressure": [ 47, 51, 45, 48 ]
		},
		"alignment":
		{
			"camber": [ 0, 0, 0, 0 ],
			"toe": [ 36, 36, 22, 22 ],
			"staticCamber": [ -4.6253023147583008, -4.622657299041748, -4.8415050506591797, -4.8395442962646484 ],
			"toeOutLinear": [ 0.0016460405895486474, 0.0016460537444800138, 0.00025682474370114505, 0.00025682346313260496 ],
			"casterLF": 34,
			"casterRF": 34,
			"steerRatio": 2
		},
		"electronics":
		{
			"tC1": 2,
			"tC2": 0,
			"abs": 2,
			"eCUMap": 0,
			"fuelMix": 0,
			"telemetryLaps": 0
		},
		"strategy":
		{
			"fuel": 0,
			"nPitStops": 0,
			"tyreSet": 0,
			"frontBrakePadCompound": 0,
			"rearBrakePadCompound": 0,
			"pitStrategy": [
				{
					"fuelToAdd": 0,
					"tyres":
					{
						"tyreCompound": 0,
						"tyrePressure": [ 41, 41, 42, 42 ]
					},
					"tyreSet": 0,
					"frontBrakePadCompound": 1,
					"rearBrakePadCompound": 1
				}
			],
			"fuelPerLap": 2.4500000476837158
		}
	},
	"advancedSetup":
	{
		"mechanicalBalance":
		{
			"aRBFront": 4,
			"aRBRear": 3,
			"wheelRate": [ 2, 2, 3, 3 ],
			"bumpStopRateUp": [ 4, 4, 2, 2 ],
			"bumpStopRateDn": [ 0, 0, 10, 10 ],
			"bumpStopWindow": [ 14, 14, 15, 15 ],
			"brakeTorque": 20,
			"brakeBias": 25
		},
		"dampers":
		{
			"bumpSlow": [ 22, 22, 20, 20 ],
			"bumpFast": [ 18, 18, 12, 12 ],
			"reboundSlow": [ 15, 15, 20, 20 ],
			"reboundFast": [ 24, 24, 32, 32 ]
		},
		"aeroBalance":
		{
			"rideHeight": [ 2, 6, 8, 18 ],
			"rodLength": [ 54.445537567138672, 54.445537567138672, 37.615550994873047, 37.615550994873047 ],
			"splitter": 0,
			"rearWing": 11,
			"brakeDuct": [ 3, 2 ]
		},
		"drivetrain":
		{
			"preload": 0
		}
	},
	"trackBopType": 45
}