{
	"carName": "porsche_992_gt3_r",
	"basicSetup":
	{
		"tyres":
		{
			"tyreCompound": 0,
			"tyrePressure": [ 45, 58, 43, 53 ]
		},
		"alignment":
		{
			"camber": [ 1, 1, 1, 1 ],
			"toe": [ 24, 24, 52, 52 ],
			"staticCamber": [ -4.5008392333984375, -4.4931221008300781, 0.37796062231063843, 0.38540643453598022 ],
			"toeOutLinear": [ 0.00034620857331901789, 0.00034620979567989707, -0.0072075705975294113, -0.0072075556963682175 ],
			"casterLF": 30,
			"casterRF": 30,
			"steerRatio": 5
		},
		"electronics":
		{
			"tC1": 5,
			"tC2": 0,
			"abs": 3,
			"eCUMap": 7,
			"fuelMix": 0,
			"telemetryLaps": 0
		},
		"strategy":
		{
			"fuel": 36,
			"nPitStops": 0,
			"tyreSet": 0,
			"frontBrakePadCompound": 0,
			"rearBrakePadCompound": 0,
			"pitStrategy": [
				{
					"fuelToAdd": 0,
					"tyres":
					{
						"tyreCompound": 0,
						"tyrePressure": [ 58, 58, 51, 51 ]
					},
					"tyreSet": 2,
					"frontBrakePadCompound": 1,
					"rearBrakePadCompound": 1
				}
			],
			"fuelPerLap": 2.9000000953674316
		}
	},
	"advancedSetup":
	{
		"mechanicalBalance":
		{
			"aRBFront": 5,
			"aRBRear": 5,
			"wheelRate": [ 3, 3, 0, 0 ],
			"bumpStopRateUp": [ 9, 9, 1, 1 ],
			"bumpStopRateDn": [ 0, 0, 10, 10 ],
			"bumpStopWindow": [ 17, 17, 2, 2 ],
			"brakeTorque": 20,
			"brakeBias": 30
		},
		"dampers":
		{
			"bumpSlow": [ 12, 12, 10, 10 ],
			"bumpFast": [ 8, 8, 6, 6 ],
			"reboundSlow": [ 9, 9, 11, 11 ],
			"reboundFast": [ 10, 10, 10, 10 ]
		},
		"aeroBalance":
		{
			"rideHeight": [ 0, 11, 14, 18 ],
			"rodLength": [ 34.63165283203125, 34.63165283203125, -60.206363677978516, -60.206363677978516 ],
			"splitter": 0,
			"rearWing": 12,
			"brakeDuct": [ 2, 3 ]
		},
		"drivetrain":
		{
			"preload": 12
		}
	},
	"trackBopType": 36
}