{
	"carName": "porsche_992_gt3_r",
	"basicSetup":
	{
		"tyres":
		{
			"tyreCompound": 0,
			"tyrePressure": [ 42, 45, 42, 46 ]
		},
		"alignment":
		{
			"camber": [ 0, 0, 0, 0 ],
			"toe": [ 25, 25, 54, 54 ],
			"staticCamber": [ -4.592714786529541, -4.5909299850463867, 0.55456119775772095, 0.55764096975326538 ],
			"toeOutLinear": [ 0.00032124895369634032, 0.00032125104917213321, -0.0073666609823703766, -0.0073666204698383808 ],
			"casterLF": 30,
			"casterRF": 30,
			"steerRatio": 5
		},
		"electronics":
		{
			"tC1": 3,
			"tC2": 0,
			"abs": 3,
			"eCUMap": 7,
			"fuelMix": 0,
			"telemetryLaps": 0
		},
		"strategy":
		{
			"fuel": 0,
			"nPitStops": 0,
			"tyreSet": 5,
			"frontBrakePadCompound": 0,
			"rearBrakePadCompound": 0,
			"pitStrategy": [
				{
					"fuelToAdd": 0,
					"tyres":
					{
						"tyreCompound": 0,
						"tyrePressure": [ 49, 49, 45, 45 ]
					},
					"tyreSet": 2,
					"frontBrakePadCompound": 1,
					"rearBrakePadCompound": 1
				}
			],
			"fuelPerLap": 2.9000000953674316
		}
	},
	"advancedSetup":
	{
		"mechanicalBalance":
		{
			"aRBFront": 5,
			"aRBRear": 3,
			"wheelRate": [ 5, 5, 5, 5 ],
			"bumpStopRateUp": [ 10, 10, 13, 13 ],
			"bumpStopRateDn": [ 0, 0, 10, 10 ],
			"bumpStopWindow": [ 8, 8, 12, 12 ],
			"brakeTorque": 20,
			"brakeBias": 28
		},
		"dampers":
		{
			"bumpSlow": [ 12, 12, 10, 10 ],
			"bumpFast": [ 6, 6, 4, 4 ],
			"reboundSlow": [ 9, 9, 8, 8 ],
			"reboundFast": [ 9, 9, 9, 9 ]
		},
		"aeroBalance":
		{
			"rideHeight": [ 0, 11, 9, 18 ],
			"rodLength": [ 31.668209075927734, 31.668209075927734, -69.651962280273438, -69.651962280273438 ],
			"splitter": 0,
			"rearWing": 12,
			"brakeDuct": [ 2, 2 ]
		},
		"drivetrain":
		{
			"preload": 16
		}
	},
	"trackBopType": 37
}