{
	"carName": "ferrari_296_gt3",
	"basicSetup":
	{
		"tyres":
		{
			"tyreCompound": 0,
			"tyrePressure": [ 54, 56, 47, 50 ]
		},
		"alignment":
		{
			"camber": [ 0, 0, 0, 0 ],
			"toe": [ 25, 25, 54, 54 ],
			"staticCamber": [ -4.6946535110473633, -4.6933650970458984, -5.0324664115905762, -5.0303864479064941 ],
			"toeOutLinear": [ -0.00018846758757717907, -0.00018847109458874911, 0.00044156896183267236, 0.00044158098171465099 ],
			"casterLF": 30,
			"casterRF": 30,
			"steerRatio": 2
		},
		"electronics":
		{
			"tC1": 5,
			"tC2": 0,
			"abs": 3,
			"eCUMap": 0,
			"fuelMix": 0,
			"telemetryLaps": 0
		},
		"strategy":
		{
			"fuel": 22,
			"nPitStops": 0,
			"tyreSet": 1,
			"frontBrakePadCompound": 0,
			"rearBrakePadCompound": 0,
			"pitStrategy": [
				{
					"fuelToAdd": 0,
					"tyres":
					{
						"tyreCompound": 0,
						"tyrePressure": [ 54, 56, 47, 50 ]
					},
					"tyreSet": 2,
					"frontBrakePadCompound": 1,
					"rearBrakePadCompound": 1
				}
			],
			"fuelPerLap": 2.2734079360961914
		}
	},
	"advancedSetup":
	{
		"mechanicalBalance":
		{
			"aRBFront": 3,
			"aRBRear": 4,
			"wheelRate": [ 3, 3, 4, 4 ],
			"bumpStopRateUp": [ 4, 4, 8, 8 ],
			"bumpStopRateDn": [ 0, 0, 10, 10 ],
			"bumpStopWindow": [ 8, 8, 20, 20 ],
			"brakeTorque": 20,
			"brakeBias": 34
		},
		"dampers":
		{
			"bumpSlow": [ 7, 7, 6, 6 ],
			"bumpFast": [ 3, 3, 4, 4 ],
			"reboundSlow": [ 6, 6, 6, 6 ],
			"reboundFast": [ 8, 8, 5, 5 ]
		},
		"aeroBalance":
		{
			"rideHeight": [ 2, 6, 12, 18 ],
			"rodLength": [ 37.081825256347656, 37.081825256347656, 43.589248657226563, 43.589248657226563 ],
			"splitter": 0,
			"rearWing": 12,
			"brakeDuct": [ 3, 2 ]
		},
		"drivetrain":
		{
			"preload": 8
		}
	},
	"trackBopType": 28
}