{
	"carName": "bmw_m6_gt3",
	"basicSetup":
	{
		"tyres":
		{
			"tyreCompound": 0,
			"tyrePressure": [ 50, 50, 50, 50 ]
		},
		"alignment":
		{
			"camber": [ 0, 0, 0, 0 ],
			"toe": [ 0, 0, 10, 10 ],
			"staticCamber": [ -4.5759916305541992, -4.5759902000427246, -3.3893153667449951, -3.3893156051635742 ],
			"toeOutLinear": [ 0.00056790240341797471, 0.00056790153030306101, 0.00033403790439479053, 0.00033408435410819948 ],
			"casterLF": 28,
			"casterRF": 28,
			"steerRatio": 7
		},
		"electronics":
		{
			"tC1": 6,
			"tC2": 0,
			"abs": 1,
			"eCUMap": 0,
			"fuelMix": 0,
			"telemetryLaps": 0
		},
		"strategy":
		{
			"fuel": 0,
			"nPitStops": 0,
			"tyreSet": 3,
			"frontBrakePadCompound": 0,
			"rearBrakePadCompound": 0,
			"pitStrategy": [
				{
					"fuelToAdd": 0,
					"tyres":
					{
						"tyreCompound": 0,
						"tyrePressure": [ 50, 50, 50, 50 ]
					},
					"tyreSet": 2,
					"frontBrakePadCompound": 1,
					"rearBrakePadCompound": 1
				}
			],
			"fuelPerLap": 2.8199999332427979
		}
	},
	"advancedSetup":
	{
		"mechanicalBalance":
		{
			"aRBFront": 8,
			"aRBRear": 3,
			"wheelRate": [ 1, 1, 1, 1 ],
			"bumpStopRateUp": [ 2, 2, 2, 2 ],
			"bumpStopRateDn": [ 0, 0, 10, 10 ],
			"bumpStopWindow": [ 5, 5, 10, 10 ],
			"brakeTorque": 20,
			"brakeBias": 55
		},
		"dampers":
		{
			"bumpSlow": [ 5, 5, 5, 5 ],
			"bumpFast": [ 6, 6, 6, 6 ],
			"reboundSlow": [ 34, 35, 34, 34 ],
			"reboundFast": [ 42, 42, 42, 42 ]
		},
		"aeroBalance":
		{
			"rideHeight": [ 5, 11, 20, 18 ],
			"rodLength": [ 21.403398513793945, 21.403398513793945, 37.658027648925781, 37.658027648925781 ],
			"splitter": 0,
			"rearWing": 7,
			"brakeDuct": [ 4, 4 ]
		},
		"drivetrain":
		{
			"preload": 4
		}
	},
	"trackBopType": 9
}