{
	"carName": "ferrari_296_gt3",
	"basicSetup":
	{
		"tyres":
		{
			"tyreCompound": 0,
			"tyrePressure": [ 49, 61, 44, 54 ]
		},
		"alignment":
		{
			"camber": [ 0, 0, 0, 0 ],
			"toe": [ 25, 25, 50, 50 ],
			"staticCamber": [ -4.7640566825866699, -4.7569046020507813, -5.0286922454833984, -5.021848201751709 ],
			"toeOutLinear": [ -0.0002632860851008445, -0.00026328206877224147, 0.00028608710272237659, 0.00028607100830413401 ],
			"casterLF": 30,
			"casterRF": 30,
			"steerRatio": 1
		},
		"electronics":
		{
			"tC1": 8,
			"tC2": 0,
			"abs": 3,
			"eCUMap": 0,
			"fuelMix": 0,
			"telemetryLaps": 0
		},
		"strategy":
		{
			"fuel": 13,
			"nPitStops": 0,
			"tyreSet": 0,
			"frontBrakePadCompound": 0,
			"rearBrakePadCompound": 0,
			"pitStrategy": [
				{
					"fuelToAdd": 0,
					"tyres":
					{
						"tyreCompound": 0,
						"tyrePressure": [ 49, 61, 44, 54 ]
					},
					"tyreSet": 2,
					"frontBrakePadCompound": 1,
					"rearBrakePadCompound": 1
				}
			],
			"fuelPerLap": 2.5099999904632568
		}
	},
	"advancedSetup":
	{
		"mechanicalBalance":
		{
			"aRBFront": 3,
			"aRBRear": 2,
			"wheelRate": [ 4, 4, 4, 4 ],
			"bumpStopRateUp": [ 4, 4, 7, 7 ],
			"bumpStopRateDn": [ 0, 0, 10, 10 ],
			"bumpStopWindow": [ 10, 10, 20, 20 ],
			"brakeTorque": 20,
			"brakeBias": 39
		},
		"dampers":
		{
			"bumpSlow": [ 6, 6, 5, 5 ],
			"bumpFast": [ 3, 3, 6, 6 ],
			"reboundSlow": [ 6, 6, 6, 6 ],
			"reboundFast": [ 5, 5, 8, 8 ]
		},
		"aeroBalance":
		{
			"rideHeight": [ 5, 6, 12, 18 ],
			"rodLength": [ 39.469753265380859, 39.469753265380859, 43.21795654296875, 43.21795654296875 ],
			"splitter": 0,
			"rearWing": 12,
			"brakeDuct": [ 3, 3 ]
		},
		"drivetrain":
		{
			"preload": 0
		}
	},
	"trackBopType": 36
}