{
	"carName": "ferrari_296_gt3",
	"basicSetup":
	{
		"tyres":
		{
			"tyreCompound": 0,
			"tyrePressure": [ 53, 51, 47, 45 ]
		},
		"alignment":
		{
			"camber": [ 1, 1, 2, 2 ],
			"toe": [ 24, 24, 45, 45 ],
			"staticCamber": [ -4.5436930656433105, -4.5449619293212891, -4.8616690635681152, -4.8630208969116211 ],
			"toeOutLinear": [ -0.0001129763331846334, -0.00011297471064608544, 0.00010259502596454695, 0.00010259397095069289 ],
			"casterLF": 30,
			"casterRF": 30,
			"steerRatio": 1
		},
		"electronics":
		{
			"tC1": 4,
			"tC2": 1,
			"abs": 4,
			"eCUMap": 4,
			"fuelMix": 0,
			"telemetryLaps": 0
		},
		"strategy":
		{
			"fuel": 0,
			"nPitStops": 0,
			"tyreSet": 1,
			"frontBrakePadCompound": 1,
			"rearBrakePadCompound": 1,
			"pitStrategy": [
				{
					"fuelToAdd": 0,
					"tyres":
					{
						"tyreCompound": 0,
						"tyrePressure": [ 41, 58, 45, 56 ]
					},
					"tyreSet": 2,
					"frontBrakePadCompound": 1,
					"rearBrakePadCompound": 1
				}
			],
			"fuelPerLap": 2.5099999904632568
		}
	},
	"advancedSetup":
	{
		"mechanicalBalance":
		{
			"aRBFront": 6,
			"aRBRear": 0,
			"wheelRate": [ 3, 3, 1, 1 ],
			"bumpStopRateUp": [ 8, 8, 12, 12 ],
			"bumpStopRateDn": [ 0, 0, 10, 10 ],
			"bumpStopWindow": [ 13, 13, 7, 7 ],
			"brakeTorque": 20,
			"brakeBias": 34
		},
		"dampers":
		{
			"bumpSlow": [ 2, 2, 2, 2 ],
			"bumpFast": [ 3, 3, 3, 3 ],
			"reboundSlow": [ 2, 2, 5, 5 ],
			"reboundFast": [ 3, 3, 3, 3 ]
		},
		"aeroBalance":
		{
			"rideHeight": [ 0, 6, 13, 18 ],
			"rodLength": [ 34.481407165527344, 34.481407165527344, 46.101356506347656, 46.101356506347656 ],
			"splitter": 0,
			"rearWing": 12,
			"brakeDuct": [ 2, 2 ]
		},
		"drivetrain":
		{
			"preload": 0
		}
	},
	"trackBopType": 44
}