{
	"carName": "ferrari_296_gt3",
	"basicSetup":
	{
		"tyres":
		{
			"tyreCompound": 0,
			"tyrePressure": [ 51, 60, 41, 49 ]
		},
		"alignment":
		{
			"camber": [ 1, 1, 3, 3 ],
			"toe": [ 26, 26, 46, 46 ],
			"staticCamber": [ -4.621307373046875, -4.6143093109130859, -4.8443117141723633, -4.8370418548583984 ],
			"toeOutLinear": [ -0.00024509464856237173, -0.00024508978822268546, 0.00012581926421262324, 0.00012580695329234004 ],
			"casterLF": 30,
			"casterRF": 30,
			"steerRatio": 1
		},
		"electronics":
		{
			"tC1": 7,
			"tC2": 0,
			"abs": 4,
			"eCUMap": 0,
			"fuelMix": 0,
			"telemetryLaps": 0
		},
		"strategy":
		{
			"fuel": 48,
			"nPitStops": 0,
			"tyreSet": 0,
			"frontBrakePadCompound": 0,
			"rearBrakePadCompound": 0,
			"pitStrategy": [
				{
					"fuelToAdd": 0,
					"tyres":
					{
						"tyreCompound": 0,
						"tyrePressure": [ 51, 60, 41, 49 ]
					},
					"tyreSet": 2,
					"frontBrakePadCompound": 1,
					"rearBrakePadCompound": 1
				}
			],
			"fuelPerLap": 2.7924327850341797
		}
	},
	"advancedSetup":
	{
		"mechanicalBalance":
		{
			"aRBFront": 4,
			"aRBRear": 4,
			"wheelRate": [ 4, 4, 6, 6 ],
			"bumpStopRateUp": [ 7, 7, 8, 8 ],
			"bumpStopRateDn": [ 0, 0, 10, 10 ],
			"bumpStopWindow": [ 6, 6, 14, 14 ],
			"brakeTorque": 20,
			"brakeBias": 24
		},
		"dampers":
		{
			"bumpSlow": [ 7, 7, 6, 6 ],
			"bumpFast": [ 3, 3, 4, 4 ],
			"reboundSlow": [ 6, 6, 5, 5 ],
			"reboundFast": [ 5, 5, 6, 6 ]
		},
		"aeroBalance":
		{
			"rideHeight": [ 3, 6, 14, 18 ],
			"rodLength": [ 38.026424407958984, 38.026424407958984, 44.746593475341797, 44.746593475341797 ],
			"splitter": 0,
			"rearWing": 12,
			"brakeDuct": [ 3, 2 ]
		},
		"drivetrain":
		{
			"preload": 16
		}
	},
	"trackBopType": 27
}