{
	"carName": "ferrari_296_gt3",
	"basicSetup":
	{
		"tyres":
		{
			"tyreCompound": 0,
			"tyrePressure": [ 56, 51, 53, 49 ]
		},
		"alignment":
		{
			"camber": [ 0, 0, 6, 6 ],
			"toe": [ 39, 39, 41, 41 ],
			"staticCamber": [ -4.6029472351074219, -4.6061902046203613, -4.0401630401611328, -4.0429186820983887 ],
			"toeOutLinear": [ -0.00051545305177569389, -0.00051546358736231923, -4.7548505790473428e-06, -4.7390544750669505e-06 ],
			"casterLF": 22,
			"casterRF": 22,
			"steerRatio": 3
		},
		"electronics":
		{
			"tC1": 5,
			"tC2": 2,
			"abs": 3,
			"eCUMap": 4,
			"fuelMix": 0,
			"telemetryLaps": 99
		},
		"strategy":
		{
			"fuel": 38,
			"nPitStops": 0,
			"tyreSet": 0,
			"frontBrakePadCompound": 0,
			"rearBrakePadCompound": 0,
			"pitStrategy": [
				{
					"fuelToAdd": 0,
					"tyres":
					{
						"tyreCompound": 0,
						"tyrePressure": [ 56, 51, 53, 49 ]
					},
					"tyreSet": 2,
					"frontBrakePadCompound": 0,
					"rearBrakePadCompound": 0
				}
			],
			"fuelPerLap": 3.4500000476837158
		}
	},
	"advancedSetup":
	{
		"mechanicalBalance":
		{
			"aRBFront": 5,
			"aRBRear": 0,
			"wheelRate": [ 8, 8, 2, 2 ],
			"bumpStopRateUp": [ 9, 9, 0, 0 ],
			"bumpStopRateDn": [ 0, 0, 10, 10 ],
			"bumpStopWindow": [ 16, 16, 36, 36 ],
			"brakeTorque": 20,
			"brakeBias": 40
		},
		"dampers":
		{
			"bumpSlow": [ 6, 6, 3, 3 ],
			"bumpFast": [ 4, 4, 6, 6 ],
			"reboundSlow": [ 5, 5, 9, 9 ],
			"reboundFast": [ 3, 3, 9, 9 ]
		},
		"aeroBalance":
		{
			"rideHeight": [ 0, 6, 5, 18 ],
			"rodLength": [ 33.286720275878906, 33.286720275878906, 38.12884521484375, 38.12884521484375 ],
			"splitter": 0,
			"rearWing": 9,
			"brakeDuct": [ 2, 3 ]
		},
		"drivetrain":
		{
			"preload": 0
		}
	},
	"trackBopType": 39
}